codigo_upz,nombre_upz,codigo_localidad,nombre_localidad,clave_localidad,porcentaje_upz_en_localidad_principal,cobertura_total_localidades_pct,estado_cruce,otras_intersecciones
1,PASEO DE LOS LIBERTADORES,01,USAQUEN,L1,99.999972,99.999989,una_sola_localidad,[]
2,LA ACADEMIA,11,SUBA,L11,99.999942,100.0,una_sola_localidad,[]
3,GUAYMARAL,11,SUBA,L11,99.997194,99.997271,una_sola_localidad,[]
9,VERBENAL,01,USAQUEN,L1,99.99996,100.0,una_sola_localidad,[]
10,LA URIBE,01,USAQUEN,L1,99.999997,100.0,una_sola_localidad,[]
11,SAN CRISTOBAL NORTE,01,USAQUEN,L1,100.0,100.0,una_sola_localidad,[]
12,TOBERIN,01,USAQUEN,L1,99.99998,100.0,una_sola_localidad,[]
13,LOS CEDROS,01,USAQUEN,L1,99.999979,100.0,una_sola_localidad,[]
14,USAQUEN,01,USAQUEN,L1,99.999993,100.0,una_sola_localidad,[]
15,COUNTRY CLUB,01,USAQUEN,L1,99.999947,100.0,una_sola_localidad,[]
16,SANTA BARBARA,01,USAQUEN,L1,99.999988,100.0,una_sola_localidad,[]
17,SAN JOSE DE BAVARIA,11,SUBA,L11,99.999947,100.0,una_sola_localidad,[]
18,BRITALIA,11,SUBA,L11,99.999986,100.0,una_sola_localidad,[]
19,EL PRADO,11,SUBA,L11,99.999956,100.0,una_sola_localidad,[]
20,LA ALHAMBRA,11,SUBA,L11,99.999869,100.0,una_sola_localidad,[]
21,LOS ANDES,12,BARRIOS UNIDOS,L12,99.999894,100.0,una_sola_localidad,[]
22,DOCE DE OCTUBRE,12,BARRIOS UNIDOS,L12,99.999945,100.0,una_sola_localidad,[]
23,CASA BLANCA SUBA,11,SUBA,L11,100.0,100.0,una_sola_localidad,[]
24,NIZA,11,SUBA,L11,100.0,100.0,una_sola_localidad,[]
25,LA FLORESTA,11,SUBA,L11,99.999985,100.0,una_sola_localidad,[]
26,LAS FERIAS,10,ENGATIVA,L10,99.999993,100.0,una_sola_localidad,[]
27,SUBA,11,SUBA,L11,100.0,100.0,una_sola_localidad,[]
28,EL RINCON,11,SUBA,L11,99.999999,100.0,una_sola_localidad,[]
29,MINUTO DE DIOS,10,ENGATIVA,L10,99.999961,100.0,una_sola_localidad,[]
30,BOYACA REAL,10,ENGATIVA,L10,100.0,100.0,una_sola_localidad,[]
31,SANTA CECILIA,10,ENGATIVA,L10,99.999972,100.0,una_sola_localidad,[]
32,SAN BLAS,04,SAN CRISTOBAL,L4,99.998999,100.0,una_sola_localidad,[]
33,SOSIEGO,04,SAN CRISTOBAL,L4,99.990096,100.0,una_sola_localidad,[]
34,20 DE JULIO,04,SAN CRISTOBAL,L4,99.999912,100.0,una_sola_localidad,[]
35,CIUDAD JARDIN,15,ANTONIO NARIÑO,L15,99.999988,100.0,una_sola_localidad,[]
36,SAN JOSE,18,RAFAEL URIBE URIBE,L18,99.999957,100.0,una_sola_localidad,[]
37,SANTA ISABEL,14,LOS MARTIRES,L14,99.999913,100.0,una_sola_localidad,[]
38,RESTREPO,15,ANTONIO NARIÑO,L15,99.999776,100.0,una_sola_localidad,[]
39,QUIROGA,18,RAFAEL URIBE URIBE,L18,99.976984,100.0,dominante_99_con_solape,"[{""codigo"": ""06"", ""nombre"": ""TUNJUELITO"", ""area_m2"": 861.42, ""porcentaje_upz"": 0.02296}]"
40,CIUDAD MONTES,16,PUENTE ARANDA,L16,99.99999,100.0,una_sola_localidad,[]
41,MUZU,16,PUENTE ARANDA,L16,99.999968,100.0,una_sola_localidad,[]
42,VENECIA,06,TUNJUELITO,L6,99.999984,100.0,una_sola_localidad,[]
43,SAN RAFAEL,16,PUENTE ARANDA,L16,100.0,100.0,una_sola_localidad,[]
44,AMERICAS,08,KENNEDY,L8,99.999983,100.0,una_sola_localidad,[]
45,CARVAJAL,08,KENNEDY,L8,99.999997,100.0,una_sola_localidad,[]
46,CASTILLA,08,KENNEDY,L8,99.999999,100.0,una_sola_localidad,[]
47,KENNEDY CENTRAL,08,KENNEDY,L8,100.0,100.0,una_sola_localidad,[]
48,TIMIZA,08,KENNEDY,L8,99.999905,100.0,una_sola_localidad,[]
49,APOGEO,07,BOSA,L7,99.999941,100.0,una_sola_localidad,[]
50,LA GLORIA,04,SAN CRISTOBAL,L4,99.999967,100.0,una_sola_localidad,[]
51,LOS LIBERTADORES,04,SAN CRISTOBAL,L4,99.999986,100.0,una_sola_localidad,[]
52,LA FLORA,05,USME,L5,99.999996,100.0,una_sola_localidad,[]
53,MARCO FIDEL SUAREZ,18,RAFAEL URIBE URIBE,L18,99.999995,100.0,una_sola_localidad,[]
54,MARRUECOS,18,RAFAEL URIBE URIBE,L18,99.999992,100.0,una_sola_localidad,[]
55,DIANA TURBAY,18,RAFAEL URIBE URIBE,L18,99.999203,100.0,una_sola_localidad,[]
56,DANUBIO,05,USME,L5,99.999956,100.0,una_sola_localidad,[]
57,GRAN YOMASA,05,USME,L5,99.999972,100.0,una_sola_localidad,[]
58,COMUNEROS,05,USME,L5,99.999903,100.0,una_sola_localidad,[]
59,ALFONSO LOPEZ,05,USME,L5,100.0,100.0,una_sola_localidad,[]
60,PARQUE ENTRENUBES,05,USME,L5,91.163976,100.0,mayoria_90_con_solape,"[{""codigo"": ""18"", ""nombre"": ""RAFAEL URIBE URIBE"", ""area_m2"": 369967.89, ""porcentaje_upz"": 8.836015}]"
61,CIUDAD USME,05,USME,L5,99.999976,100.0,una_sola_localidad,[]
62,TUNJUELITO,06,TUNJUELITO,L6,99.999944,100.0,una_sola_localidad,[]
63,EL MOCHUELO,19,CIUDAD BOLIVAR,L19,99.999957,100.0,una_sola_localidad,[]
64,MONTE BLANCO,19,CIUDAD BOLIVAR,L19,99.999928,100.0,una_sola_localidad,[]
65,ARBORIZADORA,19,CIUDAD BOLIVAR,L19,99.999983,100.0,una_sola_localidad,[]
66,SAN FRANCISCO,19,CIUDAD BOLIVAR,L19,99.999999,100.0,una_sola_localidad,[]
67,LUCERO,19,CIUDAD BOLIVAR,L19,99.999999,100.0,una_sola_localidad,[]
68,EL TESORO,19,CIUDAD BOLIVAR,L19,100.0,100.0,una_sola_localidad,[]
69,ISMAEL PERDOMO,19,CIUDAD BOLIVAR,L19,99.999997,100.0,una_sola_localidad,[]
70,JERUSALEM,19,CIUDAD BOLIVAR,L19,100.0,100.0,una_sola_localidad,[]
71,TIBABUYES,11,SUBA,L11,99.999935,99.999936,una_sola_localidad,[]
72,BOLIVIA,10,ENGATIVA,L10,99.999971,99.99998,una_sola_localidad,[]
73,GARCES NAVAS,10,ENGATIVA,L10,99.99911,99.99911,una_sola_localidad,[]
74,ENGATIVA,10,ENGATIVA,L10,99.999919,99.999929,una_sola_localidad,[]
75,FONTIBON,09,FONTIBON,L9,100.0,100.0,una_sola_localidad,[]
76,FONTIBON SAN PABLO,09,FONTIBON,L9,99.999896,99.999896,una_sola_localidad,[]
77,ZONA FRANCA,09,FONTIBON,L9,99.999975,99.999976,una_sola_localidad,[]
78,TINTAL NORTE,08,KENNEDY,L8,99.918517,99.918521,una_sola_localidad,[]
79,CALANDAIMA,08,KENNEDY,L8,99.843165,99.843165,cobertura_parcial,[]
80,CORABASTOS,08,KENNEDY,L8,100.0,100.0,una_sola_localidad,[]
81,GRAN BRITALIA,08,KENNEDY,L8,99.999983,100.0,una_sola_localidad,[]
82,PATIO BONITO,08,KENNEDY,L8,99.790849,99.790849,cobertura_parcial,[]
83,LAS MARGARITAS,08,KENNEDY,L8,99.444941,99.445002,cobertura_parcial,[]
84,BOSA OCCIDENTAL,07,BOSA,L7,99.999992,100.0,una_sola_localidad,[]
85,BOSA CENTRAL,07,BOSA,L7,99.932125,99.932131,una_sola_localidad,[]
86,EL PORVENIR,07,BOSA,L7,99.999896,99.9999,una_sola_localidad,[]
87,TINTAL SUR,07,BOSA,L7,99.994203,99.994203,una_sola_localidad,[]
88,EL REFUGIO,02,CHAPINERO,L2,99.999977,100.0,una_sola_localidad,[]
89,SAN ISIDRO - PATIOS,02,CHAPINERO,L2,93.259597,99.999995,mayoria_90_con_solape,"[{""codigo"": ""01"", ""nombre"": ""USAQUEN"", ""area_m2"": 76117.61, ""porcentaje_upz"": 6.740398}]"
90,PARDO RUBIO,02,CHAPINERO,L2,99.999999,100.0,una_sola_localidad,[]
91,SAGRADO CORAZON,03,SANTA FE,L3,99.999987,100.0,una_sola_localidad,[]
92,LA MACARENA,03,SANTA FE,L3,99.999928,100.0,una_sola_localidad,[]
93,LAS NIEVES,03,SANTA FE,L3,99.999892,100.0,una_sola_localidad,[]
94,LA CANDELARIA,17,CANDELARIA,L17,99.999788,100.0,una_sola_localidad,[]
95,LAS CRUCES,03,SANTA FE,L3,99.196458,100.0,dominante_99_con_solape,"[{""codigo"": ""04"", ""nombre"": ""SAN CRISTOBAL"", ""area_m2"": 7415.43, ""porcentaje_upz"": 0.803454}]"
96,LOURDES,03,SANTA FE,L3,99.998691,100.0,una_sola_localidad,[]
97,CHICO LAGO,02,CHAPINERO,L2,99.99993,100.0,una_sola_localidad,[]
98,LOS ALCAZARES,12,BARRIOS UNIDOS,L12,99.999863,100.0,una_sola_localidad,[]
99,CHAPINERO,02,CHAPINERO,L2,99.999985,100.0,una_sola_localidad,[]
100,GALERIAS,13,TEUSAQUILLO,L13,99.999963,100.0,una_sola_localidad,[]
101,TEUSAQUILLO,13,TEUSAQUILLO,L13,99.999922,100.0,una_sola_localidad,[]
102,LA SABANA,14,LOS MARTIRES,L14,99.99988,100.0,una_sola_localidad,[]
103,PARQUE SALITRE,12,BARRIOS UNIDOS,L12,99.999995,100.0,una_sola_localidad,[]
104,PARQUE SIMON BOLIVAR - CAN,13,TEUSAQUILLO,L13,99.999947,100.0,una_sola_localidad,[]
105,JARDIN BOTANICO,10,ENGATIVA,L10,99.999913,100.0,una_sola_localidad,[]
106,LA ESMERALDA,13,TEUSAQUILLO,L13,99.999989,100.0,una_sola_localidad,[]
107,QUINTA PAREDES,13,TEUSAQUILLO,L13,99.999867,100.0,una_sola_localidad,[]
108,ZONA INDUSTRIAL,16,PUENTE ARANDA,L16,99.999929,100.0,una_sola_localidad,[]
109,CIUDAD SALITRE ORIENTAL,13,TEUSAQUILLO,L13,99.999862,100.0,una_sola_localidad,[]
110,CIUDAD SALITRE OCCIDENTAL,09,FONTIBON,L9,99.99993,100.0,una_sola_localidad,[]
111,PUENTE ARANDA,16,PUENTE ARANDA,L16,99.99994,100.0,una_sola_localidad,[]
112,GRANJAS DE TECHO,09,FONTIBON,L9,99.999951,100.0,una_sola_localidad,[]
113,BAVARIA,08,KENNEDY,L8,99.999992,100.0,una_sola_localidad,[]
114,MODELIA,09,FONTIBON,L9,100.0,100.0,una_sola_localidad,[]
115,CAPELLANIA,09,FONTIBON,L9,99.999912,100.0,una_sola_localidad,[]
116,ALAMOS,10,ENGATIVA,L10,99.999994,100.0,una_sola_localidad,[]
117,AEROPUERTO EL DORADO,09,FONTIBON,L9,99.999997,100.0,una_sola_localidad,[]
