ZONA;COMUNOMBRE;PARNOMBRE;CANDIDATO;VOTOS
01;LOCALIDAD 1 USAQUEN;PARTIDO NUEVO LIBERALISMO;CARLOS FERNANDO GALAN PACHON;149026
01;LOCALIDAD 1 USAQUEN;PACTO HISTÓRICO BOGOTÁ;GUSTAVO BOLIVAR MORENO;23031
01;LOCALIDAD 1 USAQUEN;CON TODA POR BOGOTÁ;JUAN DANIEL OVIEDO ARANGO;54128
01;LOCALIDAD 1 USAQUEN;LARA-DEMÓCRATA;RODRIGO LARA RESTREPO;3430
01;LOCALIDAD 1 USAQUEN;RECONSTRUYAMOS BOGOTÁ;DIEGO ANDRES MOLANO APONTE;6529
01;LOCALIDAD 1 USAQUEN;PARTIDO CAMBIO RADICAL;JORGE LUIS VARGAS VALENCIA;1519
01;LOCALIDAD 1 USAQUEN;PARTIDO POLÍTICO DIGNIDAD & COMPROMISO;JORGE ENRIQUE ROBLEDO CASTILLO;2599
01;LOCALIDAD 1 USAQUEN;MAS ACCIONES MENOS ROSTROS;NICOLAS RAMOS BARBOSA;825
01;LOCALIDAD 1 USAQUEN;MOVIMIENTO ALIANZA DEMOCRÁTICA AMPLIA;RAFAEL ALFONSO QUINTERO MORA;390
01;LOCALIDAD 1 USAQUEN;VOTOS TOTALES;VOTOS EN BLANCO;6618
01;LOCALIDAD 1 USAQUEN;VOTOS TOTALES;VOTOS NULOS;1199
01;LOCALIDAD 1 USAQUEN;VOTOS TOTALES;TARJETAS NO MARCADAS;728
02;LOCALIDAD 2 CHAPINERO;PARTIDO NUEVO LIBERALISMO;CARLOS FERNANDO GALAN PACHON;48576
02;LOCALIDAD 2 CHAPINERO;PACTO HISTÓRICO BOGOTÁ;GUSTAVO BOLIVAR MORENO;10074
02;LOCALIDAD 2 CHAPINERO;CON TODA POR BOGOTÁ;JUAN DANIEL OVIEDO ARANGO;19197
02;LOCALIDAD 2 CHAPINERO;LARA-DEMÓCRATA;RODRIGO LARA RESTREPO;1207
02;LOCALIDAD 2 CHAPINERO;RECONSTRUYAMOS BOGOTÁ;DIEGO ANDRES MOLANO APONTE;1907
02;LOCALIDAD 2 CHAPINERO;PARTIDO CAMBIO RADICAL;JORGE LUIS VARGAS VALENCIA;579
02;LOCALIDAD 2 CHAPINERO;PARTIDO POLÍTICO DIGNIDAD & COMPROMISO;JORGE ENRIQUE ROBLEDO CASTILLO;1235
02;LOCALIDAD 2 CHAPINERO;MAS ACCIONES MENOS ROSTROS;NICOLAS RAMOS BARBOSA;196
02;LOCALIDAD 2 CHAPINERO;MOVIMIENTO ALIANZA DEMOCRÁTICA AMPLIA;RAFAEL ALFONSO QUINTERO MORA;222
02;LOCALIDAD 2 CHAPINERO;VOTOS TOTALES;VOTOS EN BLANCO;2356
02;LOCALIDAD 2 CHAPINERO;VOTOS TOTALES;VOTOS NULOS;367
02;LOCALIDAD 2 CHAPINERO;VOTOS TOTALES;TARJETAS NO MARCADAS;213
03;LOCALIDAD 3 SANTA FE;PARTIDO NUEVO LIBERALISMO;CARLOS FERNANDO GALAN PACHON;18100
03;LOCALIDAD 3 SANTA FE;PACTO HISTÓRICO BOGOTÁ;GUSTAVO BOLIVAR MORENO;10792
03;LOCALIDAD 3 SANTA FE;CON TODA POR BOGOTÁ;JUAN DANIEL OVIEDO ARANGO;7517
03;LOCALIDAD 3 SANTA FE;LARA-DEMÓCRATA;RODRIGO LARA RESTREPO;923
03;LOCALIDAD 3 SANTA FE;RECONSTRUYAMOS BOGOTÁ;DIEGO ANDRES MOLANO APONTE;750
03;LOCALIDAD 3 SANTA FE;PARTIDO CAMBIO RADICAL;JORGE LUIS VARGAS VALENCIA;429
03;LOCALIDAD 3 SANTA FE;PARTIDO POLÍTICO DIGNIDAD & COMPROMISO;JORGE ENRIQUE ROBLEDO CASTILLO;675
03;LOCALIDAD 3 SANTA FE;MAS ACCIONES MENOS ROSTROS;NICOLAS RAMOS BARBOSA;211
03;LOCALIDAD 3 SANTA FE;MOVIMIENTO ALIANZA DEMOCRÁTICA AMPLIA;RAFAEL ALFONSO QUINTERO MORA;62
03;LOCALIDAD 3 SANTA FE;VOTOS TOTALES;VOTOS EN BLANCO;2327
03;LOCALIDAD 3 SANTA FE;VOTOS TOTALES;VOTOS NULOS;907
03;LOCALIDAD 3 SANTA FE;VOTOS TOTALES;TARJETAS NO MARCADAS;478
04;LOCALIDAD 4 SAN CRISTOBAL;PARTIDO NUEVO LIBERALISMO;CARLOS FERNANDO GALAN PACHON;59326
04;LOCALIDAD 4 SAN CRISTOBAL;PACTO HISTÓRICO BOGOTÁ;GUSTAVO BOLIVAR MORENO;33163
04;LOCALIDAD 4 SAN CRISTOBAL;CON TODA POR BOGOTÁ;JUAN DANIEL OVIEDO ARANGO;22935
04;LOCALIDAD 4 SAN CRISTOBAL;LARA-DEMÓCRATA;RODRIGO LARA RESTREPO;4274
04;LOCALIDAD 4 SAN CRISTOBAL;RECONSTRUYAMOS BOGOTÁ;DIEGO ANDRES MOLANO APONTE;2607
04;LOCALIDAD 4 SAN CRISTOBAL;PARTIDO CAMBIO RADICAL;JORGE LUIS VARGAS VALENCIA;2024
04;LOCALIDAD 4 SAN CRISTOBAL;PARTIDO POLÍTICO DIGNIDAD & COMPROMISO;JORGE ENRIQUE ROBLEDO CASTILLO;1303
04;LOCALIDAD 4 SAN CRISTOBAL;MAS ACCIONES MENOS ROSTROS;NICOLAS RAMOS BARBOSA;884
04;LOCALIDAD 4 SAN CRISTOBAL;MOVIMIENTO ALIANZA DEMOCRÁTICA AMPLIA;RAFAEL ALFONSO QUINTERO MORA;312
04;LOCALIDAD 4 SAN CRISTOBAL;VOTOS TOTALES;VOTOS EN BLANCO;8561
04;LOCALIDAD 4 SAN CRISTOBAL;VOTOS TOTALES;VOTOS NULOS;4025
04;LOCALIDAD 4 SAN CRISTOBAL;VOTOS TOTALES;TARJETAS NO MARCADAS;1630
05;LOCALIDAD 5 USME;PARTIDO NUEVO LIBERALISMO;CARLOS FERNANDO GALAN PACHON;50614
05;LOCALIDAD 5 USME;PACTO HISTÓRICO BOGOTÁ;GUSTAVO BOLIVAR MORENO;30071
05;LOCALIDAD 5 USME;CON TODA POR BOGOTÁ;JUAN DANIEL OVIEDO ARANGO;16380
05;LOCALIDAD 5 USME;LARA-DEMÓCRATA;RODRIGO LARA RESTREPO;3286
05;LOCALIDAD 5 USME;RECONSTRUYAMOS BOGOTÁ;DIEGO ANDRES MOLANO APONTE;1875
05;LOCALIDAD 5 USME;PARTIDO CAMBIO RADICAL;JORGE LUIS VARGAS VALENCIA;1515
05;LOCALIDAD 5 USME;PARTIDO POLÍTICO DIGNIDAD & COMPROMISO;JORGE ENRIQUE ROBLEDO CASTILLO;1188
05;LOCALIDAD 5 USME;MAS ACCIONES MENOS ROSTROS;NICOLAS RAMOS BARBOSA;669
05;LOCALIDAD 5 USME;MOVIMIENTO ALIANZA DEMOCRÁTICA AMPLIA;RAFAEL ALFONSO QUINTERO MORA;189
05;LOCALIDAD 5 USME;VOTOS TOTALES;VOTOS EN BLANCO;8196
05;LOCALIDAD 5 USME;VOTOS TOTALES;VOTOS NULOS;3856
05;LOCALIDAD 5 USME;VOTOS TOTALES;TARJETAS NO MARCADAS;1908
06;LOCALIDAD 6 TUNJUELITO;PARTIDO NUEVO LIBERALISMO;CARLOS FERNANDO GALAN PACHON;36802
06;LOCALIDAD 6 TUNJUELITO;PACTO HISTÓRICO BOGOTÁ;GUSTAVO BOLIVAR MORENO;17626
06;LOCALIDAD 6 TUNJUELITO;CON TODA POR BOGOTÁ;JUAN DANIEL OVIEDO ARANGO;14925
06;LOCALIDAD 6 TUNJUELITO;LARA-DEMÓCRATA;RODRIGO LARA RESTREPO;2030
06;LOCALIDAD 6 TUNJUELITO;RECONSTRUYAMOS BOGOTÁ;DIEGO ANDRES MOLANO APONTE;1443
06;LOCALIDAD 6 TUNJUELITO;PARTIDO CAMBIO RADICAL;JORGE LUIS VARGAS VALENCIA;1036
06;LOCALIDAD 6 TUNJUELITO;PARTIDO POLÍTICO DIGNIDAD & COMPROMISO;JORGE ENRIQUE ROBLEDO CASTILLO;842
06;LOCALIDAD 6 TUNJUELITO;MAS ACCIONES MENOS ROSTROS;NICOLAS RAMOS BARBOSA;363
06;LOCALIDAD 6 TUNJUELITO;MOVIMIENTO ALIANZA DEMOCRÁTICA AMPLIA;RAFAEL ALFONSO QUINTERO MORA;90
06;LOCALIDAD 6 TUNJUELITO;VOTOS TOTALES;VOTOS EN BLANCO;4141
06;LOCALIDAD 6 TUNJUELITO;VOTOS TOTALES;VOTOS NULOS;1539
06;LOCALIDAD 6 TUNJUELITO;VOTOS TOTALES;TARJETAS NO MARCADAS;592
07;LOCALIDAD 7 BOSA;PARTIDO NUEVO LIBERALISMO;CARLOS FERNANDO GALAN PACHON;97840
07;LOCALIDAD 7 BOSA;PACTO HISTÓRICO BOGOTÁ;GUSTAVO BOLIVAR MORENO;54258
07;LOCALIDAD 7 BOSA;CON TODA POR BOGOTÁ;JUAN DANIEL OVIEDO ARANGO;41988
07;LOCALIDAD 7 BOSA;LARA-DEMÓCRATA;RODRIGO LARA RESTREPO;7100
07;LOCALIDAD 7 BOSA;RECONSTRUYAMOS BOGOTÁ;DIEGO ANDRES MOLANO APONTE;4117
07;LOCALIDAD 7 BOSA;PARTIDO CAMBIO RADICAL;JORGE LUIS VARGAS VALENCIA;2813
07;LOCALIDAD 7 BOSA;PARTIDO POLÍTICO DIGNIDAD & COMPROMISO;JORGE ENRIQUE ROBLEDO CASTILLO;2086
07;LOCALIDAD 7 BOSA;MAS ACCIONES MENOS ROSTROS;NICOLAS RAMOS BARBOSA;1398
07;LOCALIDAD 7 BOSA;MOVIMIENTO ALIANZA DEMOCRÁTICA AMPLIA;RAFAEL ALFONSO QUINTERO MORA;358
07;LOCALIDAD 7 BOSA;VOTOS TOTALES;VOTOS EN BLANCO;15385
07;LOCALIDAD 7 BOSA;VOTOS TOTALES;VOTOS NULOS;6192
07;LOCALIDAD 7 BOSA;VOTOS TOTALES;TARJETAS NO MARCADAS;2134
08;LOCALIDAD 8 KENNEDY;PARTIDO NUEVO LIBERALISMO;CARLOS FERNANDO GALAN PACHON;176804
08;LOCALIDAD 8 KENNEDY;PACTO HISTÓRICO BOGOTÁ;GUSTAVO BOLIVAR MORENO;76885
08;LOCALIDAD 8 KENNEDY;CON TODA POR BOGOTÁ;JUAN DANIEL OVIEDO ARANGO;77629
08;LOCALIDAD 8 KENNEDY;LARA-DEMÓCRATA;RODRIGO LARA RESTREPO;9977
08;LOCALIDAD 8 KENNEDY;RECONSTRUYAMOS BOGOTÁ;DIEGO ANDRES MOLANO APONTE;7832
08;LOCALIDAD 8 KENNEDY;PARTIDO CAMBIO RADICAL;JORGE LUIS VARGAS VALENCIA;4131
08;LOCALIDAD 8 KENNEDY;PARTIDO POLÍTICO DIGNIDAD & COMPROMISO;JORGE ENRIQUE ROBLEDO CASTILLO;4136
08;LOCALIDAD 8 KENNEDY;MAS ACCIONES MENOS ROSTROS;NICOLAS RAMOS BARBOSA;2175
08;LOCALIDAD 8 KENNEDY;MOVIMIENTO ALIANZA DEMOCRÁTICA AMPLIA;RAFAEL ALFONSO QUINTERO MORA;656
08;LOCALIDAD 8 KENNEDY;VOTOS TOTALES;VOTOS EN BLANCO;19637
08;LOCALIDAD 8 KENNEDY;VOTOS TOTALES;VOTOS NULOS;6115
08;LOCALIDAD 8 KENNEDY;VOTOS TOTALES;TARJETAS NO MARCADAS;2202
09;LOCALIDAD 9 FONTIBON;PARTIDO NUEVO LIBERALISMO;CARLOS FERNANDO GALAN PACHON;83064
09;LOCALIDAD 9 FONTIBON;PACTO HISTÓRICO BOGOTÁ;GUSTAVO BOLIVAR MORENO;26525
09;LOCALIDAD 9 FONTIBON;CON TODA POR BOGOTÁ;JUAN DANIEL OVIEDO ARANGO;38849
09;LOCALIDAD 9 FONTIBON;LARA-DEMÓCRATA;RODRIGO LARA RESTREPO;3512
09;LOCALIDAD 9 FONTIBON;RECONSTRUYAMOS BOGOTÁ;DIEGO ANDRES MOLANO APONTE;3507
09;LOCALIDAD 9 FONTIBON;PARTIDO CAMBIO RADICAL;JORGE LUIS VARGAS VALENCIA;1472
09;LOCALIDAD 9 FONTIBON;PARTIDO POLÍTICO DIGNIDAD & COMPROMISO;JORGE ENRIQUE ROBLEDO CASTILLO;2093
09;LOCALIDAD 9 FONTIBON;MAS ACCIONES MENOS ROSTROS;NICOLAS RAMOS BARBOSA;839
09;LOCALIDAD 9 FONTIBON;MOVIMIENTO ALIANZA DEMOCRÁTICA AMPLIA;RAFAEL ALFONSO QUINTERO MORA;155
09;LOCALIDAD 9 FONTIBON;VOTOS TOTALES;VOTOS EN BLANCO;7371
09;LOCALIDAD 9 FONTIBON;VOTOS TOTALES;VOTOS NULOS;1923
09;LOCALIDAD 9 FONTIBON;VOTOS TOTALES;TARJETAS NO MARCADAS;868
10;LOCALIDAD 10 ENGATIVA;PARTIDO NUEVO LIBERALISMO;CARLOS FERNANDO GALAN PACHON;166519
10;LOCALIDAD 10 ENGATIVA;PACTO HISTÓRICO BOGOTÁ;GUSTAVO BOLIVAR MORENO;60742
10;LOCALIDAD 10 ENGATIVA;CON TODA POR BOGOTÁ;JUAN DANIEL OVIEDO ARANGO;77581
10;LOCALIDAD 10 ENGATIVA;LARA-DEMÓCRATA;RODRIGO LARA RESTREPO;7009
10;LOCALIDAD 10 ENGATIVA;RECONSTRUYAMOS BOGOTÁ;DIEGO ANDRES MOLANO APONTE;7797
10;LOCALIDAD 10 ENGATIVA;PARTIDO CAMBIO RADICAL;JORGE LUIS VARGAS VALENCIA;3039
10;LOCALIDAD 10 ENGATIVA;PARTIDO POLÍTICO DIGNIDAD & COMPROMISO;JORGE ENRIQUE ROBLEDO CASTILLO;4133
10;LOCALIDAD 10 ENGATIVA;MAS ACCIONES MENOS ROSTROS;NICOLAS RAMOS BARBOSA;2095
10;LOCALIDAD 10 ENGATIVA;MOVIMIENTO ALIANZA DEMOCRÁTICA AMPLIA;RAFAEL ALFONSO QUINTERO MORA;570
10;LOCALIDAD 10 ENGATIVA;VOTOS TOTALES;VOTOS EN BLANCO;16773
10;LOCALIDAD 10 ENGATIVA;VOTOS TOTALES;VOTOS NULOS;3864
10;LOCALIDAD 10 ENGATIVA;VOTOS TOTALES;TARJETAS NO MARCADAS;1545
11;LOCALIDAD 11 SUBA;PARTIDO NUEVO LIBERALISMO;CARLOS FERNANDO GALAN PACHON;245022
11;LOCALIDAD 11 SUBA;PACTO HISTÓRICO BOGOTÁ;GUSTAVO BOLIVAR MORENO;65639
11;LOCALIDAD 11 SUBA;CON TODA POR BOGOTÁ;JUAN DANIEL OVIEDO ARANGO;99970
11;LOCALIDAD 11 SUBA;LARA-DEMÓCRATA;RODRIGO LARA RESTREPO;8645
11;LOCALIDAD 11 SUBA;RECONSTRUYAMOS BOGOTÁ;DIEGO ANDRES MOLANO APONTE;11141
11;LOCALIDAD 11 SUBA;PARTIDO CAMBIO RADICAL;JORGE LUIS VARGAS VALENCIA;3611
11;LOCALIDAD 11 SUBA;PARTIDO POLÍTICO DIGNIDAD & COMPROMISO;JORGE ENRIQUE ROBLEDO CASTILLO;4894
11;LOCALIDAD 11 SUBA;MAS ACCIONES MENOS ROSTROS;NICOLAS RAMOS BARBOSA;1992
11;LOCALIDAD 11 SUBA;MOVIMIENTO ALIANZA DEMOCRÁTICA AMPLIA;RAFAEL ALFONSO QUINTERO MORA;437
11;LOCALIDAD 11 SUBA;VOTOS TOTALES;VOTOS EN BLANCO;18516
11;LOCALIDAD 11 SUBA;VOTOS TOTALES;VOTOS NULOS;4482
11;LOCALIDAD 11 SUBA;VOTOS TOTALES;TARJETAS NO MARCADAS;1706
12;LOCALIDAD 12 BARRIOS UNIDOS;PARTIDO NUEVO LIBERALISMO;CARLOS FERNANDO GALAN PACHON;44533
12;LOCALIDAD 12 BARRIOS UNIDOS;PACTO HISTÓRICO BOGOTÁ;GUSTAVO BOLIVAR MORENO;12532
12;LOCALIDAD 12 BARRIOS UNIDOS;CON TODA POR BOGOTÁ;JUAN DANIEL OVIEDO ARANGO;17930
12;LOCALIDAD 12 BARRIOS UNIDOS;LARA-DEMÓCRATA;RODRIGO LARA RESTREPO;1324
12;LOCALIDAD 12 BARRIOS UNIDOS;RECONSTRUYAMOS BOGOTÁ;DIEGO ANDRES MOLANO APONTE;2115
12;LOCALIDAD 12 BARRIOS UNIDOS;PARTIDO CAMBIO RADICAL;JORGE LUIS VARGAS VALENCIA;921
12;LOCALIDAD 12 BARRIOS UNIDOS;PARTIDO POLÍTICO DIGNIDAD & COMPROMISO;JORGE ENRIQUE ROBLEDO CASTILLO;1140
12;LOCALIDAD 12 BARRIOS UNIDOS;MAS ACCIONES MENOS ROSTROS;NICOLAS RAMOS BARBOSA;368
12;LOCALIDAD 12 BARRIOS UNIDOS;MOVIMIENTO ALIANZA DEMOCRÁTICA AMPLIA;RAFAEL ALFONSO QUINTERO MORA;81
12;LOCALIDAD 12 BARRIOS UNIDOS;VOTOS TOTALES;VOTOS EN BLANCO;3044
12;LOCALIDAD 12 BARRIOS UNIDOS;VOTOS TOTALES;VOTOS NULOS;605
12;LOCALIDAD 12 BARRIOS UNIDOS;VOTOS TOTALES;TARJETAS NO MARCADAS;477
13;LOCALIDAD 13 TEUSAQUILLO;PARTIDO NUEVO LIBERALISMO;CARLOS FERNANDO GALAN PACHON;43440
13;LOCALIDAD 13 TEUSAQUILLO;PACTO HISTÓRICO BOGOTÁ;GUSTAVO BOLIVAR MORENO;18626
13;LOCALIDAD 13 TEUSAQUILLO;CON TODA POR BOGOTÁ;JUAN DANIEL OVIEDO ARANGO;21330
13;LOCALIDAD 13 TEUSAQUILLO;LARA-DEMÓCRATA;RODRIGO LARA RESTREPO;1182
13;LOCALIDAD 13 TEUSAQUILLO;RECONSTRUYAMOS BOGOTÁ;DIEGO ANDRES MOLANO APONTE;2011
13;LOCALIDAD 13 TEUSAQUILLO;PARTIDO CAMBIO RADICAL;JORGE LUIS VARGAS VALENCIA;672
13;LOCALIDAD 13 TEUSAQUILLO;PARTIDO POLÍTICO DIGNIDAD & COMPROMISO;JORGE ENRIQUE ROBLEDO CASTILLO;1663
13;LOCALIDAD 13 TEUSAQUILLO;MAS ACCIONES MENOS ROSTROS;NICOLAS RAMOS BARBOSA;419
13;LOCALIDAD 13 TEUSAQUILLO;MOVIMIENTO ALIANZA DEMOCRÁTICA AMPLIA;RAFAEL ALFONSO QUINTERO MORA;232
13;LOCALIDAD 13 TEUSAQUILLO;VOTOS TOTALES;VOTOS EN BLANCO;3533
13;LOCALIDAD 13 TEUSAQUILLO;VOTOS TOTALES;VOTOS NULOS;407
13;LOCALIDAD 13 TEUSAQUILLO;VOTOS TOTALES;TARJETAS NO MARCADAS;262
14;LOCALIDAD 14 MARTIRES;PARTIDO NUEVO LIBERALISMO;CARLOS FERNANDO GALAN PACHON;20526
14;LOCALIDAD 14 MARTIRES;PACTO HISTÓRICO BOGOTÁ;GUSTAVO BOLIVAR MORENO;7486
14;LOCALIDAD 14 MARTIRES;CON TODA POR BOGOTÁ;JUAN DANIEL OVIEDO ARANGO;6847
14;LOCALIDAD 14 MARTIRES;LARA-DEMÓCRATA;RODRIGO LARA RESTREPO;924
14;LOCALIDAD 14 MARTIRES;RECONSTRUYAMOS BOGOTÁ;DIEGO ANDRES MOLANO APONTE;939
14;LOCALIDAD 14 MARTIRES;PARTIDO CAMBIO RADICAL;JORGE LUIS VARGAS VALENCIA;444
14;LOCALIDAD 14 MARTIRES;PARTIDO POLÍTICO DIGNIDAD & COMPROMISO;JORGE ENRIQUE ROBLEDO CASTILLO;468
14;LOCALIDAD 14 MARTIRES;MAS ACCIONES MENOS ROSTROS;NICOLAS RAMOS BARBOSA;143
14;LOCALIDAD 14 MARTIRES;MOVIMIENTO ALIANZA DEMOCRÁTICA AMPLIA;RAFAEL ALFONSO QUINTERO MORA;59
14;LOCALIDAD 14 MARTIRES;VOTOS TOTALES;VOTOS EN BLANCO;1575
14;LOCALIDAD 14 MARTIRES;VOTOS TOTALES;VOTOS NULOS;422
14;LOCALIDAD 14 MARTIRES;VOTOS TOTALES;TARJETAS NO MARCADAS;375
15;LOCALIDAD 15 ANTONIO NARIÑO;PARTIDO NUEVO LIBERALISMO;CARLOS FERNANDO GALAN PACHON;26999
15;LOCALIDAD 15 ANTONIO NARIÑO;PACTO HISTÓRICO BOGOTÁ;GUSTAVO BOLIVAR MORENO;11544
15;LOCALIDAD 15 ANTONIO NARIÑO;CON TODA POR BOGOTÁ;JUAN DANIEL OVIEDO ARANGO;10560
15;LOCALIDAD 15 ANTONIO NARIÑO;LARA-DEMÓCRATA;RODRIGO LARA RESTREPO;1096
15;LOCALIDAD 15 ANTONIO NARIÑO;RECONSTRUYAMOS BOGOTÁ;DIEGO ANDRES MOLANO APONTE;1176
15;LOCALIDAD 15 ANTONIO NARIÑO;PARTIDO CAMBIO RADICAL;JORGE LUIS VARGAS VALENCIA;547
15;LOCALIDAD 15 ANTONIO NARIÑO;PARTIDO POLÍTICO DIGNIDAD & COMPROMISO;JORGE ENRIQUE ROBLEDO CASTILLO;606
15;LOCALIDAD 15 ANTONIO NARIÑO;MAS ACCIONES MENOS ROSTROS;NICOLAS RAMOS BARBOSA;324
15;LOCALIDAD 15 ANTONIO NARIÑO;MOVIMIENTO ALIANZA DEMOCRÁTICA AMPLIA;RAFAEL ALFONSO QUINTERO MORA;150
15;LOCALIDAD 15 ANTONIO NARIÑO;VOTOS TOTALES;VOTOS EN BLANCO;2398
15;LOCALIDAD 15 ANTONIO NARIÑO;VOTOS TOTALES;VOTOS NULOS;672
15;LOCALIDAD 15 ANTONIO NARIÑO;VOTOS TOTALES;TARJETAS NO MARCADAS;416
16;LOCALIDAD 16 PUENTE ARANDA;PARTIDO NUEVO LIBERALISMO;CARLOS FERNANDO GALAN PACHON;61002
16;LOCALIDAD 16 PUENTE ARANDA;PACTO HISTÓRICO BOGOTÁ;GUSTAVO BOLIVAR MORENO;21757
16;LOCALIDAD 16 PUENTE ARANDA;CON TODA POR BOGOTÁ;JUAN DANIEL OVIEDO ARANGO;25040
16;LOCALIDAD 16 PUENTE ARANDA;LARA-DEMÓCRATA;RODRIGO LARA RESTREPO;2325
16;LOCALIDAD 16 PUENTE ARANDA;RECONSTRUYAMOS BOGOTÁ;DIEGO ANDRES MOLANO APONTE;2724
16;LOCALIDAD 16 PUENTE ARANDA;PARTIDO CAMBIO RADICAL;JORGE LUIS VARGAS VALENCIA;1060
16;LOCALIDAD 16 PUENTE ARANDA;PARTIDO POLÍTICO DIGNIDAD & COMPROMISO;JORGE ENRIQUE ROBLEDO CASTILLO;1583
16;LOCALIDAD 16 PUENTE ARANDA;MAS ACCIONES MENOS ROSTROS;NICOLAS RAMOS BARBOSA;698
16;LOCALIDAD 16 PUENTE ARANDA;MOVIMIENTO ALIANZA DEMOCRÁTICA AMPLIA;RAFAEL ALFONSO QUINTERO MORA;237
16;LOCALIDAD 16 PUENTE ARANDA;VOTOS TOTALES;VOTOS EN BLANCO;5046
16;LOCALIDAD 16 PUENTE ARANDA;VOTOS TOTALES;VOTOS NULOS;1197
16;LOCALIDAD 16 PUENTE ARANDA;VOTOS TOTALES;TARJETAS NO MARCADAS;538
17;LOCALIDAD 17 CANDELARIA;PARTIDO NUEVO LIBERALISMO;CARLOS FERNANDO GALAN PACHON;9318
17;LOCALIDAD 17 CANDELARIA;PACTO HISTÓRICO BOGOTÁ;GUSTAVO BOLIVAR MORENO;6290
17;LOCALIDAD 17 CANDELARIA;CON TODA POR BOGOTÁ;JUAN DANIEL OVIEDO ARANGO;3484
17;LOCALIDAD 17 CANDELARIA;LARA-DEMÓCRATA;RODRIGO LARA RESTREPO;392
17;LOCALIDAD 17 CANDELARIA;RECONSTRUYAMOS BOGOTÁ;DIEGO ANDRES MOLANO APONTE;455
17;LOCALIDAD 17 CANDELARIA;PARTIDO CAMBIO RADICAL;JORGE LUIS VARGAS VALENCIA;323
17;LOCALIDAD 17 CANDELARIA;PARTIDO POLÍTICO DIGNIDAD & COMPROMISO;JORGE ENRIQUE ROBLEDO CASTILLO;394
17;LOCALIDAD 17 CANDELARIA;MAS ACCIONES MENOS ROSTROS;NICOLAS RAMOS BARBOSA;111
17;LOCALIDAD 17 CANDELARIA;MOVIMIENTO ALIANZA DEMOCRÁTICA AMPLIA;RAFAEL ALFONSO QUINTERO MORA;24
17;LOCALIDAD 17 CANDELARIA;VOTOS TOTALES;VOTOS EN BLANCO;1003
17;LOCALIDAD 17 CANDELARIA;VOTOS TOTALES;VOTOS NULOS;346
17;LOCALIDAD 17 CANDELARIA;VOTOS TOTALES;TARJETAS NO MARCADAS;534
18;LOCALIDAD 18 RAFAEL URIBE URIBE;PARTIDO NUEVO LIBERALISMO;CARLOS FERNANDO GALAN PACHON;59693
18;LOCALIDAD 18 RAFAEL URIBE URIBE;PACTO HISTÓRICO BOGOTÁ;GUSTAVO BOLIVAR MORENO;29569
18;LOCALIDAD 18 RAFAEL URIBE URIBE;CON TODA POR BOGOTÁ;JUAN DANIEL OVIEDO ARANGO;23166
18;LOCALIDAD 18 RAFAEL URIBE URIBE;LARA-DEMÓCRATA;RODRIGO LARA RESTREPO;3644
18;LOCALIDAD 18 RAFAEL URIBE URIBE;RECONSTRUYAMOS BOGOTÁ;DIEGO ANDRES MOLANO APONTE;2494
18;LOCALIDAD 18 RAFAEL URIBE URIBE;PARTIDO CAMBIO RADICAL;JORGE LUIS VARGAS VALENCIA;1623
18;LOCALIDAD 18 RAFAEL URIBE URIBE;PARTIDO POLÍTICO DIGNIDAD & COMPROMISO;JORGE ENRIQUE ROBLEDO CASTILLO;1398
18;LOCALIDAD 18 RAFAEL URIBE URIBE;MAS ACCIONES MENOS ROSTROS;NICOLAS RAMOS BARBOSA;700
18;LOCALIDAD 18 RAFAEL URIBE URIBE;MOVIMIENTO ALIANZA DEMOCRÁTICA AMPLIA;RAFAEL ALFONSO QUINTERO MORA;259
18;LOCALIDAD 18 RAFAEL URIBE URIBE;VOTOS TOTALES;VOTOS EN BLANCO;7466
18;LOCALIDAD 18 RAFAEL URIBE URIBE;VOTOS TOTALES;VOTOS NULOS;3165
18;LOCALIDAD 18 RAFAEL URIBE URIBE;VOTOS TOTALES;TARJETAS NO MARCADAS;1399
19;LOCALIDAD 19 CIUDAD BOLIVAR;PARTIDO NUEVO LIBERALISMO;CARLOS FERNANDO GALAN PACHON;85943
19;LOCALIDAD 19 CIUDAD BOLIVAR;PACTO HISTÓRICO BOGOTÁ;GUSTAVO BOLIVAR MORENO;48107
19;LOCALIDAD 19 CIUDAD BOLIVAR;CON TODA POR BOGOTÁ;JUAN DANIEL OVIEDO ARANGO;28931
19;LOCALIDAD 19 CIUDAD BOLIVAR;LARA-DEMÓCRATA;RODRIGO LARA RESTREPO;6661
19;LOCALIDAD 19 CIUDAD BOLIVAR;RECONSTRUYAMOS BOGOTÁ;DIEGO ANDRES MOLANO APONTE;3527
19;LOCALIDAD 19 CIUDAD BOLIVAR;PARTIDO CAMBIO RADICAL;JORGE LUIS VARGAS VALENCIA;3197
19;LOCALIDAD 19 CIUDAD BOLIVAR;PARTIDO POLÍTICO DIGNIDAD & COMPROMISO;JORGE ENRIQUE ROBLEDO CASTILLO;1917
19;LOCALIDAD 19 CIUDAD BOLIVAR;MAS ACCIONES MENOS ROSTROS;NICOLAS RAMOS BARBOSA;1281
19;LOCALIDAD 19 CIUDAD BOLIVAR;MOVIMIENTO ALIANZA DEMOCRÁTICA AMPLIA;RAFAEL ALFONSO QUINTERO MORA;400
19;LOCALIDAD 19 CIUDAD BOLIVAR;VOTOS TOTALES;VOTOS EN BLANCO;13788
19;LOCALIDAD 19 CIUDAD BOLIVAR;VOTOS TOTALES;VOTOS NULOS;6710
19;LOCALIDAD 19 CIUDAD BOLIVAR;VOTOS TOTALES;TARJETAS NO MARCADAS;3164
20;LOCALIDAD 20 SUMAPAZ;PARTIDO NUEVO LIBERALISMO;CARLOS FERNANDO GALAN PACHON;1234
20;LOCALIDAD 20 SUMAPAZ;PACTO HISTÓRICO BOGOTÁ;GUSTAVO BOLIVAR MORENO;1565
20;LOCALIDAD 20 SUMAPAZ;CON TODA POR BOGOTÁ;JUAN DANIEL OVIEDO ARANGO;240
20;LOCALIDAD 20 SUMAPAZ;LARA-DEMÓCRATA;RODRIGO LARA RESTREPO;35
20;LOCALIDAD 20 SUMAPAZ;RECONSTRUYAMOS BOGOTÁ;DIEGO ANDRES MOLANO APONTE;24
20;LOCALIDAD 20 SUMAPAZ;PARTIDO CAMBIO RADICAL;JORGE LUIS VARGAS VALENCIA;27
20;LOCALIDAD 20 SUMAPAZ;PARTIDO POLÍTICO DIGNIDAD & COMPROMISO;JORGE ENRIQUE ROBLEDO CASTILLO;17
20;LOCALIDAD 20 SUMAPAZ;MAS ACCIONES MENOS ROSTROS;NICOLAS RAMOS BARBOSA;7
20;LOCALIDAD 20 SUMAPAZ;MOVIMIENTO ALIANZA DEMOCRÁTICA AMPLIA;RAFAEL ALFONSO QUINTERO MORA;7
20;LOCALIDAD 20 SUMAPAZ;VOTOS TOTALES;VOTOS EN BLANCO;141
20;LOCALIDAD 20 SUMAPAZ;VOTOS TOTALES;VOTOS NULOS;29
20;LOCALIDAD 20 SUMAPAZ;VOTOS TOTALES;TARJETAS NO MARCADAS;150
